<?xml version="1.0" encoding="UTF-8"?>
<!DOCTYPE mapper
 PUBLIC "-//mybatis.org//DTD Mapper 3.0//EN"
 "http://mybatis.org/dtd/mybatis-3-mapper.dtd">
 <mapper namespace="dao.AdminDao">
 <!-- 查询所有支出 -->
 <select id="getAdmins" resultType="pojo.Admin">
 select * from admin;
 </select>
 <!-- 根据id删除 -->
 <delete id="deleteAdminByName">
 delete from admin where name=#{name};
 </delete>
 <!-- 根据id更新 -->
 <update id="updateAdminByName" parameterType="pojo.Admin" >
 update admin set password=#{password},power=#{power} where name=#{name};
 </update>
 <!-- 根据id查询 -->
 <select id="getAdminByName" resultType="pojo.Admin">
 select * from admin where name=#{name};
 </select>
 <!-- 新建插入 -->
<insert id="insertAdmin" parameterType="pojo.Admin">
insert into admin(name,password,power) values(#{name},#{password},#{power});
</insert>
<!-- 登录验证 -->
<select id="loginAdmin" resultType="pojo.Admin">
select * from admin where name=#{name} and password=#{password};
</select>
 </mapper>