<?xml version="1.0" encoding="UTF-8"?>
<!DOCTYPE mapper
 PUBLIC "-//mybatis.org//DTD Mapper 3.0//EN"
 "http://mybatis.org/dtd/mybatis-3-mapper.dtd">
 <mapper namespace="dao.ExpendDao">
 <!-- 查询所有支出 -->
 <select id="getExpends" resultType="pojo.Expend">
 select * from expend;
 </select>
 <!-- 根据id删除 -->
 <delete id="deleteExpendById">
 delete from expend where id=#{id};
 </delete>
 <!-- 根据id更新 -->
 <update id="updateExpendById" parameterType="pojo.Expend" >
 update expend set expendname=#{expendname},detail=#{detail},money=#{money},operator=#{operator},remark=#{remark} where id=#{id};
 </update>
 <!-- 根据id查询 -->
 <select id="getExpendById" resultType="pojo.Expend">
 select * from expend where id=#{id};
 </select>
 <!-- 新建插入 -->
<insert id="insertExpend" parameterType="pojo.Expend">
insert into expend values(#{id},#{expendname},#{detail},#{money},#{operator},#{remark});
</insert>
 </mapper>