<?xml version="1.0" encoding="UTF-8"?>
<!DOCTYPE mapper
 PUBLIC "-//mybatis.org//DTD Mapper 3.0//EN"
 "http://mybatis.org/dtd/mybatis-3-mapper.dtd">
 <mapper namespace="dao.GuestDao">
 <!-- 查询所有入住信息 -->
 <select id="getGuests" resultType="pojo.Guest">
 select * from guest;
 </select>
 <!-- 删除某条入住信息 -->
 <delete id="deleteGuestById" parameterType="int">
 delete from guest where id=#{id};
 </delete>
 <!-- 更新入住信息 -->
 <update id="updateGuestById" parameterType="pojo.Guest" >
 update guest set name=#{name},idnum=#{idnum},roomnum=#{roomnum},phone=#{phone},receivable=#{receivable},deposit=#{deposit},remark=#{remark} where id=#{id};
 </update>
 <!-- 根据id获取单条入住信息 -->
 <select id="getGuestById" parameterType="int" resultType="pojo.Guest">
 select * from guest where id=#{guest};
 </select>
 <!-- 新建入住信息 -->
<insert id="insertGuest" parameterType="pojo.Guest">
insert into guest(id,name,idnum,roomnum,phone,arraytime,receivable,deposit,status,remark) values(#{id},#{name},#{idnum},#{roomnum},#{phone},#{arraytime},#{receivable},#{deposit},#{status},#{remark});
</insert>
<!-- 退房时修改信息 -->
<update id="checkoutRoomChangeGuest">
update guest set leavetime=#{leavetime},deposit=0,status="已完成" where roomnum=#{roomnum};
</update>
<!-- 退房时修改应收金额 -->
<update id="checkoutChangeReceivable" parameterType="int">
update guest set receivable=#{receivable} where id=#{id};
</update>
<!-- 换房时根据id去修改入住房间号 -->
<update id="changeGuestRoom">
update guest set roomnum=#{roomnum} where id=#{id};
</update>
 </mapper>