<?xml version="1.0" encoding="UTF-8"?>
<!DOCTYPE mapper
 PUBLIC "-//mybatis.org//DTD Mapper 3.0//EN"
 "http://mybatis.org/dtd/mybatis-3-mapper.dtd">
 <mapper namespace="dao.IncomeDao">
 <!-- 查询所有收入 -->
 <select id="getIncomes" resultType="pojo.Income">
 select * from income;
 </select>
 <!-- 根据id删除 -->
 <delete id="deleteIncomeById">
 delete from income where id=#{id};
 </delete>
 <!-- 根据id更新 -->
 <update id="updateIncomeById" parameterType="pojo.Income" >
 update income set incomename=#{incomename},detail=#{detail},money=#{money},operator=#{operator},remark=#{remark} where id=#{id};
 </update>
 <!-- 根据id查询 -->
 <select id="getIncomeById" resultType="pojo.Income">
 select * from income where id=#{id};
 </select>
 <!-- 新建插入 -->
<insert id="insertIncome" parameterType="pojo.Income">
insert into income values(#{id},#{incomename},#{detail},#{money},#{operator},#{remark});
</insert>
 </mapper>