<?xml version="1.0" encoding="UTF-8"?>
<!DOCTYPE mapper
 PUBLIC "-//mybatis.org//DTD Mapper 3.0//EN"
 "http://mybatis.org/dtd/mybatis-3-mapper.dtd">
 <mapper namespace="dao.MaintainDao">
 <!-- 查询所有收入 -->
 <select id="getMaintains" resultType="pojo.Maintain">
 select * from maintain;
 </select>
 <!-- 根据id删除 -->
 <delete id="deleteMaintainById">
 delete from maintain where id=#{id};
 </delete>
 <!-- 根据id更新 -->
 <update id="updateMaintainById" parameterType="pojo.Maintain" >
 update maintain set type=#{type},mname=#{mname},number=#{number},status=#{status},remark=#{remark} where id=#{id};
 </update>
 <!-- 根据id查询 -->
 <select id="getMaintainById" resultType="pojo.Maintain">
 select * from maintain where id=#{id};
 </select>
 <!-- 新建插入 -->
<insert id="insertMaintain" parameterType="pojo.Maintain">
insert into maintain values(#{id},#{type},#{mname},#{number},#{status},#{remark});
</insert>
 </mapper>