<?xml version="1.0" encoding="UTF-8"?>
<!DOCTYPE mapper
 PUBLIC "-//mybatis.org//DTD Mapper 3.0//EN"
 "http://mybatis.org/dtd/mybatis-3-mapper.dtd">
  <mapper namespace="dao.ReserveDao">
  <!-- 新增操作 -->
  <insert id="insertReserve" parameterType="pojo.Reserve" >
  insert into reserve values(#{id},#{name},#{phone},#{roomtype},#{arraytime},#{leavetime},#{status});
  </insert>
  <!-- 查询所有 -->
  <select id="getReserves" resultType="pojo.Reserve">
  select * from reserve;
  </select>
  <!-- 根据预定人查询 -->
  <select id="getReserveById" parameterType="int" resultType="pojo.Reserve">
  select * from reserve where id=#{id};
  </select>
  <!-- 修改操作 -->
  <update id="updateReserve" parameterType="pojo.Reserve" >
  update reserve set roomtype=#{roomtype} where id=#{id};
  </update>
  <!-- 删除操作 -->
  <delete id="deleteReserveById" parameterType="int">
  delete from reserve where id=#{id}
  </delete>
  <!-- 入住修改状态 -->
  <update id="checkinChangeReserveStatus" parameterType="int">
  update reserve set status="已入住" where id=#{id};
  </update>
  </mapper>