<?xml version="1.0" encoding="UTF-8"?>
<!DOCTYPE mapper
 PUBLIC "-//mybatis.org//DTD Mapper 3.0//EN"
 "http://mybatis.org/dtd/mybatis-3-mapper.dtd">
 <mapper namespace="dao.RoomDao">
 <!-- List<Room>getRooms(); -->
 <select id="getRooms" resultType="pojo.Room">
 select * from room;
 </select>
 <!-- int deleteRoomByNum(Integer roomnum) -->
 <delete id="deleteRoomByNum" parameterType="int">
 delete from room where roomnum=#{roomnum};
 </delete>
 <!-- int updateRoom(Room room) -->
 <update id="updateRoom" parameterType="pojo.Room" >
 update room set roomtype=#{roomtype},price=#{price},status=#{status} where roomnum=#{roomnum};
 </update>
 <!-- Room getRoomByNum(Integer roomnum); -->
 <select id="getRoomByNum" parameterType="int" resultType="pojo.Room">
 select * from room where roomnum=#{roomnum};
 </select>
 <!-- int insertRoom(Room room) -->
<insert id="insertRoom" parameterType="pojo.Room">
insert into room values(#{roomnum},#{roomtype},#{price},#{status});
</insert>
<!-- 根据传入的房间类型去显示所有该类型的房间 -->
 <select id="getRoomsByType" parameterType="string" resultType="pojo.Room">
 select * from room where roomtype=#{roomtype};
 </select>
  <!-- 入住手续修改状态 -->
 <update id="changeRoomStatus" parameterType="int" >
 update room set status="已入住" where roomnum=#{roomnum};
 </update>
   <!-- 退房手续修改房间状态 -->
 <update id="checkoutRoomChangeStatus" parameterType="int" >
 update room set status="空闲" where roomnum=#{roomnum};
 </update>
 <!-- 换房手续修改房间状态 -->
 <update id="changeGuestOldRoom" parameterType="int">
  update room set status="空闲" where roomnum=#{roomnum};
 </update>
  <update id="changeGuestNewRoom" parameterType="int">
  update room set status="已入住" where roomnum=#{roomnum};
 </update>
 </mapper>