<?xml version="1.0" encoding="UTF-8"?>
<!DOCTYPE mapper
 PUBLIC "-//mybatis.org//DTD Mapper 3.0//EN"
 "http://mybatis.org/dtd/mybatis-3-mapper.dtd">
 <mapper namespace="dao.ServiceDao">
 <!-- 查询所有收入 -->
 <select id="getServices" resultType="pojo.Service">
 select * from service;
 </select>
 <!-- 根据id删除 -->
 <delete id="deleteServiceById" parameterType="String">
 delete from service where id=#{id};
 </delete>
 <!-- 根据id更新 -->
 <update id="updateServiceById" parameterType="pojo.Service" >
 update service set warehouse=#{warehouse},food=#{food},clean=#{clean},price=#{price},remark=#{remark} where id=#{id};
 </update>
 <!-- 根据id查询 -->
 <select id="getServiceById" resultType="pojo.Service">
 select * from service where id=#{id};
 </select>
 <!-- 新建插入 -->
<insert id="insertService" parameterType="pojo.Service">
insert into service values(#{id},#{gid},#{name},#{roomnum},#{warehouse},#{food},#{clean},#{price},#{remark});
</insert>
 <!-- 根据类型type查询 -->
 <select id="getServiceByType" resultType="pojo.Service">
 select * from service where id=#{id};
 </select>
 </mapper>