<?xml version="1.0" encoding="UTF-8"?>
<!DOCTYPE mapper
 PUBLIC "-//mybatis.org//DTD Mapper 3.0//EN"
 "http://mybatis.org/dtd/mybatis-3-mapper.dtd">
 <mapper namespace="dao.StaffDao">
 <!-- 查询所有 -->
 <select id="getStaffs" resultType="pojo.Staff">
 select * from staff;
 </select>
 <!-- 根据员工姓名删除 -->
 <delete id="deleteStaffByName" parameterType="string">
 delete from staff where name=#{name};
 </delete>
 <!-- 根据姓名更新 -->
 <update id="updateStaffByName" parameterType="pojo.Staff" >
 update staff set idnum=#{idnum},department=#{department},post=#{post},salary=#{salary},remark=#{remark} where name=#{name};
 </update>
 <!-- 根据姓名查找 -->
 <select id="getStaffByName" parameterType="string" resultType="pojo.Staff">
 select * from staff where name=#{name};
 </select>
 <!-- 新增员工 -->
<insert id="insertStaff" parameterType="pojo.Staff">
insert into staff(name,idnum,department,post,salary,remark) values(#{name},#{idnum},#{department},#{post},#{salary},#{remark});
</insert>
 </mapper>