<?xml version="1.0" encoding="UTF-8"?>
<!DOCTYPE mapper
 PUBLIC "-//mybatis.org//DTD Mapper 3.0//EN"
 "http://mybatis.org/dtd/mybatis-3-mapper.dtd">
 <mapper namespace="dao.StorageDao">
 <!-- 查询所有 -->
 <select id="getStorages" resultType="pojo.Storage">
 select * from storage;
 </select>
 <!-- 根据员工姓名删除 -->
 <delete id="deleteStorageByName" parameterType="string">
 delete from storage where name=#{name};
 </delete>
 <!-- 根据姓名更新 -->
 <update id="updateStorageByName" parameterType="pojo.Storage" >
 update storage set number=#{number},detail=#{detail},lasttime=#{lasttime} where name=#{name};
 </update>
 <!-- 根据姓名查找 -->
 <select id="getStorageByName" parameterType="string" resultType="pojo.Storage">
 select * from storage where name=#{name};
 </select>
 <!-- 新增员工 -->
<insert id="insertStorage" parameterType="pojo.Storage">
insert into storage(name,number,detail,lasttime) values(#{name},#{number},#{detail},#{lasttime});
</insert>
 </mapper>